<application>
  <component name="libraryTable">
    <library name="scala-sdk-2.12.13" type="Scala">
      <properties>
        <compiler-classpath>
          <root url="file://C:/Program Files (x86)/scala/lib/scala-compiler.jar" />
          <root url="file://C:/Program Files (x86)/scala/lib/scala-library.jar" />
          <root url="file://C:/Program Files (x86)/scala/lib/scala-reflect.jar" />
        </compiler-classpath>
      </properties>
      <CLASSES>
        <root url="jar://C:/Program Files (x86)/scala/lib/scala-library.jar!/" />
        <root url="jar://C:/Program Files (x86)/scala/lib/scala-parser-combinators_2.12-1.0.7.jar!/" />
        <root url="jar://C:/Program Files (x86)/scala/lib/scala-reflect.jar!/" />
        <root url="jar://C:/Program Files (x86)/scala/lib/scala-swing_2.12-2.0.3.jar!/" />
        <root url="jar://C:/Program Files (x86)/scala/lib/scala-xml_2.12-1.0.6.jar!/" />
      </CLASSES>
      <JAVADOC>
        <root url="jar://C:/Program Files (x86)/scala/api/jars/scala-library-2.12.13-javadoc.jar!/" />
        <root url="jar://C:/Program Files (x86)/scala/api/jars/scala-parser-combinators_2.12-1.0.7-javadoc.jar!/" />
        <root url="jar://C:/Program Files (x86)/scala/api/jars/scala-reflect-2.12.13-javadoc.jar!/" />
        <root url="jar://C:/Program Files (x86)/scala/api/jars/scala-swing_2.12-2.0.3-javadoc.jar!/" />
        <root url="jar://C:/Program Files (x86)/scala/api/jars/scala-xml_2.12-1.0.6-javadoc.jar!/" />
      </JAVADOC>
      <SOURCES />
    </library>
  </component>
</application>